<?xml version="1.0" encoding="utf-8"?>
<edmx:Edmx Version="4.0" xmlns:edmx="http://docs.oasis-open.org/odata/ns/edmx">
  <edmx:Reference Uri="https://oasis-tcs.github.io/odata-vocabularies/vocabularies/Org.OData.Capabilities.V1.xml">
    <edmx:Include Alias="Capabilities" Namespace="Org.OData.Capabilities.V1"/>
  </edmx:Reference>
  <edmx:Reference Uri="https://sap.github.io/odata-vocabularies/vocabularies/Common.xml">
    <edmx:Include Alias="Common" Namespace="com.sap.vocabularies.Common.v1"/>
  </edmx:Reference>
  <edmx:Reference Uri="https://oasis-tcs.github.io/odata-vocabularies/vocabularies/Org.OData.Core.V1.xml">
    <edmx:Include Alias="Core" Namespace="Org.OData.Core.V1"/>
  </edmx:Reference>
  <edmx:Reference Uri="https://sap.github.io/odata-vocabularies/vocabularies/UI.xml">
    <edmx:Include Alias="UI" Namespace="com.sap.vocabularies.UI.v1"/>
  </edmx:Reference>
  <edmx:DataServices>
    <Schema Namespace="CatalogService" xmlns="http://docs.oasis-open.org/odata/ns/edm">
      <Annotation Term="Core.Links">
        <Collection>
          <Record>
            <PropertyValue Property="rel" String="author"/>
            <PropertyValue Property="href" String="https://cap.cloud.sap"/>
          </Record>
        </Collection>
      </Annotation>
      <EntityContainer Name="EntityContainer">
        <EntitySet Name="QuotationHeader" EntityType="CatalogService.QuotationHeader"/>
        <EntitySet Name="SupplierByContactExt" EntityType="CatalogService.SupplierByContactExt"/>
      </EntityContainer>
      <EntityType Name="QuotationHeader">
        <Key>
          <PropertyRef Name="ID"/>
        </Key>
        <Property Name="ID" Type="Edm.Guid" Nullable="false"/>
        <Property Name="createdAt" Type="Edm.DateTimeOffset" Precision="7"/>
        <Property Name="createdBy" Type="Edm.String" MaxLength="255"/>
        <Property Name="modifiedAt" Type="Edm.DateTimeOffset" Precision="7"/>
        <Property Name="modifiedBy" Type="Edm.String" MaxLength="255"/>
        <Property Name="name" Type="Edm.String" MaxLength="100"/>
        <Property Name="MfgSiteCode" Type="Edm.String" MaxLength="10"/>
        <Property Name="ProtoTypeSiteCode" Type="Edm.String" MaxLength="10"/>
        <Property Name="ShipFromSiteCode" Type="Edm.String" MaxLength="10"/>
        <Property Name="Supplier" Type="Edm.String" MaxLength="10"/>
        <Property Name="SqmQuotationId" Type="Edm.Guid"/>
        <Property Name="PurchaseOrg" Type="Edm.String" MaxLength="4"/>
      </EntityType>
      <EntityType Name="SupplierByContactExt">
        <Key>
          <PropertyRef Name="Supplier5"/>
          <PropertyRef Name="Supplier4"/>
          <PropertyRef Name="PurchaseOrg"/>
        </Key>
        <Property Name="Supplier5" Type="Edm.String" MaxLength="10" Nullable="false"/>
        <Property Name="Supplier4" Type="Edm.String" MaxLength="10" Nullable="false"/>
        <Property Name="PurchaseOrg" Type="Edm.String" MaxLength="4" Nullable="false"/>
        <Property Name="FullName" Type="Edm.String" MaxLength="71" Nullable="false"/>
      </EntityType>
      <Annotations Target="CatalogService.QuotationHeader">
        <Annotation Term="UI.HeaderInfo">
          <Record Type="UI.HeaderInfoType">
            <PropertyValue Property="TypeName" String="Quotation Header"/>
            <PropertyValue Property="TypeNamePlural" String="Quotation Headers"/>
            <PropertyValue Property="Title">
              <Record Type="UI.DataField">
                <PropertyValue Property="Value" Path="ID"/>
              </Record>
            </PropertyValue>
            <PropertyValue Property="Description">
              <Record Type="UI.DataField">
                <PropertyValue Property="Value" Path="Supplier"/>
              </Record>
            </PropertyValue>
          </Record>
        </Annotation>
        <Annotation Term="UI.SelectionFields">
          <Collection>
            <PropertyPath>Supplier</PropertyPath>
            <PropertyPath>PurchaseOrg</PropertyPath>
          </Collection>
        </Annotation>
        <Annotation Term="UI.LineItem">
          <Collection>
            <Record Type="UI.DataField">
              <PropertyValue Property="Value" Path="ID"/>
              <PropertyValue Property="Label" String="ID"/>
            </Record>
            <Record Type="UI.DataField">
              <PropertyValue Property="Value" Path="SqmQuotationId"/>
              <PropertyValue Property="Label" String="SqmQuotation ID"/>
            </Record>
            <Record Type="UI.DataField">
              <PropertyValue Property="Value" Path="Supplier"/>
              <PropertyValue Property="Label" String="Supplier"/>
            </Record>
            <Record Type="UI.DataField">
              <PropertyValue Property="Value" Path="PurchaseOrg"/>
              <PropertyValue Property="Label" String="Purchasing Org"/>
            </Record>
          </Collection>
        </Annotation>
        <Annotation Term="UI.Facets">
          <Collection>
            <Record Type="UI.CollectionFacet">
              <PropertyValue Property="Label" String="Quotation Details"/>
              <PropertyValue Property="Facets">
                <Collection>
                  <Record Type="UI.ReferenceFacet">
                    <PropertyValue Property="Target" AnnotationPath="@UI.FieldGroup#MainQuotation"/>
                    <PropertyValue Property="Label" String="General Information"/>
                  </Record>
                </Collection>
              </PropertyValue>
            </Record>
          </Collection>
        </Annotation>
        <Annotation Term="UI.FieldGroup" Qualifier="MainQuotation">
          <Record Type="UI.FieldGroupType">
            <PropertyValue Property="Data">
              <Collection>
                <Record Type="UI.DataField">
                  <PropertyValue Property="Value" Path="ID"/>
                  <Annotation Term="Common.FieldControl" EnumMember="Common.FieldControlType/ReadOnly"/>
                  <PropertyValue Property="Label" String="UUID"/>
                </Record>
                <Record Type="UI.DataField">
                  <PropertyValue Property="Value" Path="SqmQuotationId"/>
                  <Annotation Term="Common.FieldControl" EnumMember="Common.FieldControlType/ReadOnly"/>
                  <PropertyValue Property="Label" String="SqmQuotation ID"/>
                </Record>
                <Record Type="UI.DataField">
                  <PropertyValue Property="Value" Path="Supplier"/>
                  <Annotation Term="Common.FieldControl" EnumMember="Common.FieldControlType/ReadOnly"/>
                  <PropertyValue Property="Label" String="Supplier"/>
                </Record>
                <Record Type="UI.DataField">
                  <PropertyValue Property="Value" Path="PurchaseOrg"/>
                  <Annotation Term="Common.FieldControl" EnumMember="Common.FieldControlType/ReadOnly"/>
                  <PropertyValue Property="Label" String="Purchasing Org"/>
                </Record>
                <Record Type="UI.DataField">
                  <PropertyValue Property="Value" Path="MfgSiteCode"/>
                </Record>
                <Record Type="UI.DataField">
                  <PropertyValue Property="Value" Path="ProtoTypeSiteCode"/>
                </Record>
                <Record Type="UI.DataField">
                  <PropertyValue Property="Value" Path="ShipFromSiteCode"/>
                </Record>
              </Collection>
            </PropertyValue>
          </Record>
        </Annotation>
      </Annotations>
      <Annotations Target="CatalogService.QuotationHeader/ID">
        <Annotation Term="Common.Label" String="ID"/>
        <Annotation Term="Core.ComputedDefaultValue" Bool="true"/>
      </Annotations>
      <Annotations Target="CatalogService.QuotationHeader/createdAt">
        <Annotation Term="UI.HiddenFilter" Bool="true"/>
        <Annotation Term="UI.ExcludeFromNavigationContext" Bool="true"/>
        <Annotation Term="Core.Immutable" Bool="true"/>
        <Annotation Term="Core.Computed" Bool="true"/>
        <Annotation Term="Common.Label" String="Created On"/>
      </Annotations>
      <Annotations Target="CatalogService.QuotationHeader/createdBy">
        <Annotation Term="UI.HiddenFilter" Bool="true"/>
        <Annotation Term="UI.ExcludeFromNavigationContext" Bool="true"/>
        <Annotation Term="Core.Immutable" Bool="true"/>
        <Annotation Term="Core.Computed" Bool="true"/>
        <Annotation Term="Core.Description" String="User&apos;s unique ID"/>
        <Annotation Term="Common.Label" String="Created By"/>
      </Annotations>
      <Annotations Target="CatalogService.QuotationHeader/modifiedAt">
        <Annotation Term="UI.HiddenFilter" Bool="true"/>
        <Annotation Term="UI.ExcludeFromNavigationContext" Bool="true"/>
        <Annotation Term="Core.Computed" Bool="true"/>
        <Annotation Term="Common.Label" String="Changed On"/>
      </Annotations>
      <Annotations Target="CatalogService.QuotationHeader/modifiedBy">
        <Annotation Term="UI.HiddenFilter" Bool="true"/>
        <Annotation Term="UI.ExcludeFromNavigationContext" Bool="true"/>
        <Annotation Term="Core.Computed" Bool="true"/>
        <Annotation Term="Core.Description" String="User&apos;s unique ID"/>
        <Annotation Term="Common.Label" String="Changed By"/>
      </Annotations>
      <Annotations Target="CatalogService.QuotationHeader/MfgSiteCode">
        <Annotation Term="Common.ValueListWithFixedValues" Bool="true"/>
        <Annotation Term="Common.ValueList">
          <Record Type="Common.ValueListType">
            <PropertyValue Property="CollectionPath" String="SupplierByContactExt"/>
            <PropertyValue Property="Parameters">
              <Collection>
                <Record Type="Common.ValueListParameterInOut">
                  <PropertyValue Property="LocalDataProperty" PropertyPath="MfgSiteCode"/>
                  <PropertyValue Property="ValueListProperty" String="Supplier5"/>
                </Record>
                <Record Type="Common.ValueListParameterDisplayOnly">
                  <PropertyValue Property="ValueListProperty" String="FullName"/>
                </Record>
              </Collection>
            </PropertyValue>
          </Record>
        </Annotation>
        <Annotation Term="Common.Label" String="Manufacturing Site Code"/>
      </Annotations>
      <Annotations Target="CatalogService.QuotationHeader/ProtoTypeSiteCode">
        <Annotation Term="Common.ValueListWithFixedValues" Bool="true"/>
        <Annotation Term="Common.ValueList">
          <Record Type="Common.ValueListType">
            <PropertyValue Property="CollectionPath" String="SupplierByContactExt"/>
            <PropertyValue Property="Parameters">
              <Collection>
                <Record Type="Common.ValueListParameterInOut">
                  <PropertyValue Property="LocalDataProperty" PropertyPath="ProtoTypeSiteCode"/>
                  <PropertyValue Property="ValueListProperty" String="Supplier5"/>
                </Record>
                <Record Type="Common.ValueListParameterDisplayOnly">
                  <PropertyValue Property="ValueListProperty" String="FullName"/>
                </Record>
              </Collection>
            </PropertyValue>
          </Record>
        </Annotation>
        <Annotation Term="Common.Label" String="Proto Type"/>
      </Annotations>
      <Annotations Target="CatalogService.QuotationHeader/ShipFromSiteCode">
        <Annotation Term="Common.ValueListWithFixedValues" Bool="true"/>
        <Annotation Term="Common.ValueList">
          <Record Type="Common.ValueListType">
            <PropertyValue Property="CollectionPath" String="SupplierByContactExt"/>
            <PropertyValue Property="Parameters">
              <Collection>
                <Record Type="Common.ValueListParameterInOut">
                  <PropertyValue Property="LocalDataProperty" PropertyPath="ShipFromSiteCode"/>
                  <PropertyValue Property="ValueListProperty" String="Supplier5"/>
                </Record>
                <Record Type="Common.ValueListParameterDisplayOnly">
                  <PropertyValue Property="ValueListProperty" String="FullName"/>
                </Record>
              </Collection>
            </PropertyValue>
          </Record>
        </Annotation>
        <Annotation Term="Common.Label" String="Ship From"/>
      </Annotations>
      <Annotations Target="CatalogService.QuotationHeader/Supplier">
        <Annotation Term="Common.Label" String="Supplier"/>
      </Annotations>
      <Annotations Target="CatalogService.QuotationHeader/SqmQuotationId">
        <Annotation Term="Common.Label" String="SqmQuotation ID"/>
      </Annotations>
      <Annotations Target="CatalogService.QuotationHeader/PurchaseOrg">
        <Annotation Term="Common.Label" String="Purchasing Org"/>
      </Annotations>
      <Annotations Target="CatalogService.SupplierByContactExt">
        <Annotation Term="Common.Label" String="5 Digit Supplier"/>
      </Annotations>
      <Annotations Target="CatalogService.EntityContainer/SupplierByContactExt">
        <Annotation Term="Capabilities.SearchRestrictions">
          <Record Type="Capabilities.SearchRestrictionsType">
            <PropertyValue Property="Searchable" Bool="false"/>
          </Record>
        </Annotation>
        <Annotation Term="Capabilities.InsertRestrictions">
          <Record Type="Capabilities.InsertRestrictionsType">
            <PropertyValue Property="Insertable" Bool="false"/>
          </Record>
        </Annotation>
        <Annotation Term="Capabilities.DeleteRestrictions">
          <Record Type="Capabilities.DeleteRestrictionsType">
            <PropertyValue Property="Deletable" Bool="false"/>
          </Record>
        </Annotation>
        <Annotation Term="Capabilities.UpdateRestrictions">
          <Record Type="Capabilities.UpdateRestrictionsType">
            <PropertyValue Property="Updatable" Bool="false"/>
            <PropertyValue Property="QueryOptions">
              <Record Type="Capabilities.ModificationQueryOptionsType">
                <PropertyValue Property="SelectSupported" Bool="true"/>
              </Record>
            </PropertyValue>
          </Record>
        </Annotation>
      </Annotations>
      <Annotations Target="CatalogService.SupplierByContactExt/Supplier5">
        <Annotation Term="Common.Label" String="5 Digit Supplier"/>
        <Annotation Term="Common.IsUpperCase" Bool="true"/>
        <Annotation Term="Common.Heading" String="Supplier"/>
        <Annotation Term="Common.QuickInfo" String="Account Number of Supplier"/>
      </Annotations>
      <Annotations Target="CatalogService.SupplierByContactExt/Supplier4">
        <Annotation Term="Common.Label" String="4 Digit Supplier"/>
        <Annotation Term="Common.IsUpperCase" Bool="true"/>
        <Annotation Term="Common.Heading" String="Reference to other supplier"/>
        <Annotation Term="Common.QuickInfo" String="Reference to other supplier"/>
      </Annotations>
      <Annotations Target="CatalogService.SupplierByContactExt/PurchaseOrg">
        <Annotation Term="Common.Label" String="Purchasing Org"/>
        <Annotation Term="Common.IsUpperCase" Bool="true"/>
        <Annotation Term="Common.Heading" String="POrg"/>
        <Annotation Term="Common.QuickInfo" String="Purchasing Organization"/>
      </Annotations>
      <Annotations Target="CatalogService.SupplierByContactExt/FullName">
        <Annotation Term="Common.Label" String="5 Digit Supplier Name"/>
      </Annotations>
    </Schema>
  </edmx:DataServices>
</edmx:Edmx>