<edmx:Edmx xmlns:edmx="http://docs.oasis-open.org/odata/ns/edmx" Version="4.0">
    <edmx:Reference Uri="https://sap.github.io/odata-vocabularies/vocabularies/Common.xml">
        <edmx:Include Namespace="com.sap.vocabularies.Common.v1" Alias="Common"/>
    </edmx:Reference>
    <edmx:Reference Uri="https://sap.github.io/odata-vocabularies/vocabularies/UI.xml">
        <edmx:Include Namespace="com.sap.vocabularies.UI.v1" Alias="UI"/>
    </edmx:Reference>
    <edmx:Reference Uri="/catalog/$metadata">
        <edmx:Include Namespace="CatalogService"/>
    </edmx:Reference>
    <edmx:DataServices>
        <Schema xmlns="http://docs.oasis-open.org/odata/ns/edm" Namespace="local">
            <!-- Frontend annotations for CatalogService -->
            <!-- Backend annotations from CatalogService are automatically included via metadata -->
            
            <!-- Additional frontend-specific annotations can be added here -->
            <Annotations Target="CatalogService.QuotationHeader">
                <!-- Custom frontend annotations if needed -->
            </Annotations>
        </Schema>
    </edmx:DataServices>
</edmx:Edmx>
